id;nombre;fichero;fichero_content_type
1;Triple-buffered array;4172697a6f6e61206861636b;image/png
2;Fresh payment synthesize;6173796d6d657472696320455845;image/png
3;web services;5072696e636970616c2053656e696f72;image/png
4;Paraguay;57656c6c73;image/png
5;Naira iterate;47656e6572696320423242;image/png
6;olive;46616e746173746963;image/png
7;zero defect Ridges Beauty;4372656469742043617264204163636f756e7420636c6561722d7468696e6b696e672046726f7a656e;image/png
8;parsing;4163636f756e746162696c697479;image/png
9;Aruba Chair portals;6e61766967617465207265646566696e65;image/png
10;generating bypassing Bypass;534d53;image/png
